tool,level,accuracy,precision,recall,f1,auc_roc
huggingface,clean,0.44492911668484186,0.4779874213836478,0.30707070707070705,0.37392373923739236,0.40166116137680125
huggingface,heavy,0.3446019629225736,0.2791666666666667,0.13535353535353536,0.18231292517006803,0.26491933553544933
huggingface,moderate,0.4514721919302072,0.4642857142857143,0.10505050505050505,0.171334431630972,0.3809612714825985
